mu_x_boot,mu_y_boot,mu_norm_boot
-0.22905313741987388,-0.2472371427104232,0.33703344714954003
-0.1412088807432207,-0.177162638162628,0.2265536324173492
-0.1030560181350494,-0.3506039464468305,0.3654362737030133
-0.21110217930061972,-0.4121206804651092,0.4630416669939063
-0.02736534437287136,-0.48053635402553213,0.48131491729718645
0.18381328257337282,0.03642546118102014,0.18738766520944916
-0.0231780286494028,-0.2914043871533226,0.2923247130577161
-0.0984564439756515,-0.18592281270187894,0.21038289769681506
0.27868634552422805,0.056122722346808734,0.2842812676650827
0.06846707408221357,-0.18868346422566099,0.20072167273509756
-0.22808604829268914,-0.28837774543678024,0.3676750868483957
-0.18159460738217334,-0.26286268292111964,0.3194892666472143
-0.26222449733961883,-0.06573748372286108,0.27033886840635624
0.05540037145673129,-0.19439850032610714,0.20213851213112083
-0.19642220727555562,-0.31653070330256045,0.3725229786794566
-0.17621390518356486,-0.1710759347607868,0.2455978742463366
-0.47794662400209786,-0.40891176416037855,0.6290006409088593
-0.581971392475783,-0.28830853027180237,0.6494709464538723
0.2071518927748305,-0.08680716383478486,0.2246049651571266
-0.3555025277628443,-0.22252629748149133,0.41940433988764714
0.0056787774282632516,-0.3199789254692327,0.32002931312228966
-0.1635480590305624,-0.12476886161853244,0.20570667573573986
0.08333205146828626,-0.3363569486705284,0.34652594090610533
-0.03772370462803748,-0.02561313232914074,0.045597263498739604
-0.2221218959428881,-0.15698247826078152,0.27199565279276056
-0.29962983473067334,-0.10802491064767646,0.3185081147807213
-0.050064972803476306,-0.24490152605927698,0.24996651569355355
-0.016334667789240878,-0.25404573402740127,0.2545703367427281
-0.07037126807750059,-0.37000511688991494,0.37663762676550927
-0.30997879015332575,-0.12222830406636923,0.33320655554754675
0.047147555103094804,-0.18567480606322406,0.19156728728782277
-0.23930696077797364,-0.20499420647956657,0.31510386568079074
-0.13845713604885987,0.029491027624251917,0.14156305744503714
0.11161334377388452,-0.19848148542410257,0.22771130530684147
-0.26370176103406695,-0.3304818702825197,0.42279650584873607
-0.10758520492713848,-0.0640973549605408,0.12523197368145222
-0.32039717466162304,-0.16461897253303093,0.36021348621197036
-0.2256732337307663,-0.4311012809054778,0.4865970846818184
0.04319645703780689,-0.26093736265755946,0.2644886408360514
-0.14151894813147173,-0.3952566879761005,0.4198278957740596
0.0011879191512807576,-0.300276887791128,0.30027923753305963
-0.2564150698789359,-0.18480184004756545,0.31607025824329876
-0.3535781832122266,-0.3541945146550866,0.5004710639541623
-0.04058553929454926,-0.10326132367710807,0.11095083130548361
-0.12327894621394461,-0.32718088041566507,0.34963556325006523
-0.041423614851209135,-0.16388893807951757,0.16904289364588285
-0.15922965168462502,0.04699205575732534,0.16601908107174485
-0.1052713673590507,-0.3187137175496026,0.3356493624899831
-0.1031899927384601,-0.29240287765274153,0.31007679284488154
0.09364209969948419,-0.16273474926860512,0.18775367228271173
-0.04303146086510057,-0.4300960256571718,0.43224333182858854
-0.023787477022579055,-0.2983944570004777,0.29934110314440554
-0.19471754364259772,-0.10637372683095463,0.22187900207571132
-0.20389334880475055,-0.11358223026904055,0.23339541709233502
0.1762772877188321,0.05343496705046549,0.1841982026763352
-0.1456105887106173,-0.25759840055028105,0.2959043418247113
-0.21716548673902494,-0.24826036408977295,0.3298394412567791
-0.04283742386060282,-0.12755778576376314,0.13455866227027913
-0.09293113607779926,-0.04504757910994418,0.10327381292649712
0.0730514872155547,-0.18486540096194704,0.1987755927100352
-0.16139387594936408,-0.0897377576766961,0.18466415013965257
0.05222756743877035,-0.3407508838996525,0.34473016067493395
-0.3202510562143766,-0.17528974681262713,0.36508524257227754
0.1038262833625391,-0.27802763168377337,0.29678150396641334
-0.24049550824719995,-0.2559199942712562,0.35118817314209033
-0.47633813781078677,-0.2608948989848849,0.5431060392311812
-0.009927061299648255,-0.013012612447394649,0.01636687596192579
0.008055379801467302,-0.08246433063193126,0.08285683417991761
-0.04509085762792814,-0.1981591208293224,0.2032245620230785
-0.10471013497834797,-0.33575659689016313,0.35170542322012516
-0.14990744852631202,-0.04614210879941965,0.15684813460199765
-0.0883470579159874,-0.1402224391219815,0.16573332518153566
-0.18203598966232154,-0.19025503621856457,0.2633136539165186
0.1548939473548417,-0.09155837520822291,0.17993073944697222
-0.0871308772739301,-0.1680777811947321,0.1893196511349757
-0.1987556755562408,-0.38159608684700824,0.43025503142062976
0.108211621623551,-0.19269862955633055,0.2210034318450428
-0.16229847454941937,-0.003888041165013723,0.16234503905315176
-0.28463549235602703,-0.0998052456682803,0.3016263426354928
0.2057745796453226,-0.002822924298558997,0.20579394191716285
-0.14085999732116714,-0.038426699082440015,0.1460073629913629
-0.19743514573238446,0.07960327259595207,0.21287864566074577
0.30420488588899086,-0.3194776102521276,0.4411423308311551
0.005455406214058725,-0.2411459114507348,0.24120761195776144
-0.1106106735117342,-0.25825210471041976,0.28094282457838476
0.06104334667635021,-0.5352391622224227,0.5387088740219619
0.08910707310810445,-0.4089611187931582,0.418556169662382
-0.21266277908470668,-0.4474135733060483,0.4953830469308749
-0.09199370581212861,0.011008515630965348,0.09265003683456188
-0.20580367791143134,-0.41417706654884107,0.46249086077118895
-0.4721096778918455,-0.22969197511386044,0.5250199533263934
-0.1973199761223082,0.068449476660722,0.20885522218042576
-0.48639845403399606,-0.1962907990157793,0.5245126632073952
0.3617009645661699,0.05619317927870751,0.36603997208712963
-0.2416968648624224,-0.232855786071679,0.335617627057018
-0.2789445160007278,-0.225243385194025,0.35853120586713816
-0.02695675113353212,-0.19015233151628835,0.19205357485023708
0.19686856994951718,-0.022532097248614994,0.19815380198317917
-0.42329606507880807,-0.22415279447859762,0.47898228984354624
-0.06630543156537115,0.09025845232986553,0.11199552880384432
-0.19602807274771633,-0.20857309180456698,0.28623371557190863
0.0749290228686811,-0.09619888758327322,0.1219368051095098
-0.11910018944283729,-0.14371897743242074,0.1866547604523935
0.2160939708096032,-0.2713624099407886,0.3468921471425005
0.021709314949976584,-0.14485583116113765,0.14647356818546237
-0.13415045508758872,-0.14903620981057325,0.20051966595550763
0.005522509089165989,-0.2192935382336553,0.21936306438795836
-0.49532789497386553,-0.22652225763298778,0.5446669227540685
0.16766269530093267,-0.06685559853740321,0.1805005552660928
-0.14246477466448088,-0.45420158602844357,0.4760202650843291
-0.12285221586689869,-0.2662311038968444,0.29320925569555173
-0.24521134068470066,0.007880715596253635,0.24533794504458
-0.0953715693904685,-0.4297284219043065,0.44018433961281106
0.03190900410894648,-0.32871232661145255,0.33025744232271137
-0.08940537852522315,-0.29075779502865634,0.30419305889379616
-0.08041552034088215,-0.12583882291674503,0.1493387600884872
0.07587963153311754,-0.0993190198926863,0.12498794419481225
0.3806068761713132,-0.2571597309845304,0.45933944031502605
0.11728494145011832,-0.38706041885591375,0.40443976725326236
-0.15062631039971097,-0.5346363792932597,0.5554496767920891
-0.06752683325300371,0.028302299377289345,0.0732181217952269
-0.17646081321385856,-0.0706443629430346,0.19007641783168022
0.010295516112278882,-0.22925884104258015,0.22948989922914959
0.14581978867578055,-0.38825977299861725,0.414739752252406
-0.09345816108651528,-0.3804312032995012,0.3917426812559227
-0.24638670218676678,-0.054531224714873316,0.2523490865514962
-0.30740198499405197,-0.34502977323983003,0.4621055342670242
-0.1298831083909843,-0.07670553641618627,0.15084217302266317
-0.1984222656581075,-0.4756120204034797,0.5153427883081091
-0.23852164544535845,-0.06190416567648151,0.24642382407969923
-0.40558133152192355,0.1845607879968069,0.4455994849021919
-0.18326069554730318,-0.10417182481357894,0.21079907878705811
0.09493614349886398,-0.2976632258855172,0.3124360212699703
-0.2925744514895789,-0.10036555217106728,0.3093106104339636
0.06866446684469828,-0.19328837234129695,0.20512241196274608
-0.03750231550040166,-0.2772424122909429,0.27976736557503057
-0.048009411856030505,-0.19589531861883552,0.20169253700505888
-0.10657626642546283,-0.28016256983750276,0.29974917198074935
-0.3557955212416266,-0.20278153063482232,0.40952509337304616
0.0001780906737938093,-0.030641283480413263,0.03064180101781126
0.018878794311803143,-0.11626596748072109,0.11778872640832595
-0.08632282053864597,-0.2559498122443733,0.2701146714521024
-0.08536422174863588,-0.25079189875028807,0.2649219259206852
-0.049332601510256466,-0.14604548881143223,0.15415249065110798
-0.04604592381729494,-0.396048126056803,0.39871587033035627
-0.007603712253906441,-0.09128405862382143,0.0916001954085114
0.09919179056033232,-0.08054299533736653,0.127773962185102
0.081886507143192,-0.10031777305573632,0.12949538850080433
-0.35235327137700756,-0.10663588171233541,0.3681358976229381
0.0632367128642421,-0.3011980018343216,0.3077647123418515
-0.007519664482284665,-0.15995312367089148,0.16012978213312362
-0.2796256649500837,-0.013432929495167868,0.2799481310771669
-0.07722731701000987,-0.233610242317462,0.2460443126922219
-0.19978852276960574,-0.2511304013002572,0.32090798102834633
0.04389112603767161,-0.02360140759566248,0.049834299286248315
-0.06757730411613762,-0.27675276868656085,0.28488381317175954
-0.20327839146544693,-0.1776496972301715,0.26996577442844694
-0.37355370029288426,-0.39789914407243926,0.5457711020712674
-0.128328964501676,-0.31529392053974187,0.3404094291575859
-0.010490135310557983,-0.3266819513877063,0.32685033318219747
-0.3028894536696963,-0.37565146072557726,0.48255159422551597
-0.1139487601493472,0.07540780108169051,0.13664061037462202
-0.23132620195472922,-0.23961059145028726,0.33305412059597256
-0.12686457591141004,-0.1688080582526829,0.21116529343673668
0.038189462740418,-0.16065499993289076,0.16513165677070799
-0.1461993032987594,-0.27205217932520426,0.3088472511786947
-0.06707773435700327,-0.3747973934014751,0.38075255553575577
-0.07013446539024626,-0.25870496415500177,0.2680430967475499
0.3341574028235536,0.0030007011465725767,0.3341708755549378
0.17632837838097778,-0.2300128236357831,0.2898233877025302
0.02510985145563437,-0.18528808880506,0.18698176513541587
-0.2099041474452588,-0.21747390718152063,0.30224931996535176
-0.2443921463080384,-0.4893560556593838,0.546988912490518
-0.05464265544666257,-0.30218706770487647,0.30708768077266513
-0.25691197509713776,-0.16451856831828113,0.30507396196628983
-0.17949142845773622,-0.11025664627108518,0.21065066089795645
-0.22634545212021112,-0.26794494181768186,0.3507517006960675
-0.032340708888018516,0.006734520860628416,0.03303445508256189
-0.0676998408931598,-0.16307873792058328,0.1765727703207078
-0.24978602186823565,-0.19483921923516323,0.3167891697532078
0.20145769948988398,-0.10539495755406819,0.22736161013148248
0.06048155781981568,0.08037684613585667,0.10059053748270204
-0.010152179538364446,-0.09062031055696608,0.09118721091699299
-0.24329663043870717,-0.2454986073633657,0.3456339343874974
-0.03311160444331741,-0.17587932018006627,0.17896902976720017
-0.07693499550411717,-0.10661367255621283,0.13147421309573182
-0.0831287760182517,-0.3572475563638397,0.3667917800745097
-0.0541431597870849,-0.16452348660375873,0.17320352016049495
0.11791670371960856,-0.185719712140541,0.2199912736761696
-0.0713427591653355,-0.15892864886409191,0.17420707423950638
-0.013906331047393793,-0.3714397854351217,0.37170001378435397
-0.1101149793529551,-0.058284704476178784,0.12458898608535676
-0.44339983169000197,-0.2337170557442723,0.5012255708645493
-0.3157362107356017,-0.18139812014072318,0.36413545935580693
-0.0018774812639622922,-0.025545285717537485,0.02561418666066042
-0.04237772457815937,-0.09707626737215984,0.10592295892455704
-0.20725923806038213,-0.1997012661115751,0.287814154356481
-0.09234840284596821,-0.25596198176875495,0.27211167490423793
-0.17394386268771853,-0.11523989062950227,0.2086544985353144
0.028377966131819376,-0.09386494934917772,0.09806088760613166
-0.4499814507395444,-0.0001541846673797791,0.44998147715497877
0.1077897131454964,-0.45576323594602564,0.468336150110133
-0.4622726592184809,-0.38236437249177224,0.599915431383418
-0.3298308320409526,-0.3004713151512824,0.44617416889995815
-0.08395126489422643,-0.12616677338074625,0.15154494245156833
-0.2740958295354112,-0.5954280283392982,0.6554868882752188
0.18854669815438607,-0.28013934100569154,0.3376801856254292
0.007778861001272613,-0.2355541899713955,0.23568259819417595
-0.04584259831226002,-0.3527904222624061,0.35575641365983274
0.014286084833374544,-0.20594944584447744,0.20644434228991046
0.2386079476251734,-0.09229292650229924,0.255835370799771
-0.27932288322896404,-0.23344128947121334,0.364027620827492
-0.1680707123762671,-0.33111116683746344,0.3713251528823929
0.12723579475149832,-0.2958470904104293,0.3220472766075846
0.1611055521105692,-0.23829468880792867,0.28764449870442316
-0.04846150137038214,0.04612615638931891,0.06690395667166073
-0.08786519943412988,-0.23335221551075574,0.2493462447188199
-0.3283116508320078,-0.09704504046756925,0.34235402721655017
-0.19606303745803422,-0.03689940951983082,0.19950509036158126
-0.28127641309105655,-0.14089478689568485,0.31459141999703544
0.10368024408660442,-0.04900182844172627,0.11467681633394888
0.08155432682916439,-0.040609729992325115,0.09110575390505098
-0.1589069680127398,-0.22641470005895586,0.2766135226010993
-0.2661857542998346,-0.03667769732957799,0.26870078018787374
-0.3334760643189914,-0.23586810328851024,0.4084605827036477
-0.10309156698735006,-0.10280089222067068,0.14558809918833762
-0.03455501271204151,-0.018718410418479135,0.03929920854322615
-0.3916899023622956,-0.16112680312484498,0.42353609798672087
0.01039129666319545,-0.45083940797198546,0.450959145407733
-0.2634642407600337,-0.2853734026208404,0.38839591280374886
-0.1586758083454713,-0.15750231868116135,0.22357323753980674
0.04535889853067501,-0.2394934406047237,0.24375097490800807
0.2775002561848456,-0.21473198272319202,0.3508792051217743
-0.024642991015116293,-0.0891976523163278,0.09253917108400961
-0.38555146290670667,0.03254443271322527,0.386922564152218
-0.08086203487018598,-0.3135573006836999,0.32381607355935155
-0.1892580564767116,-0.3515668653582575,0.3992716778825832
-0.27042983753741745,-0.31263960473507507,0.4133712852623147
-0.365628863201962,-0.3642925694362252,0.5161332596847503
-0.18848374159527864,-0.18801033706613351,0.26622172655415804
-0.38850833516358024,-0.35666088367419024,0.5273952146491577
-0.2438748911691727,-0.24160240031742958,0.34328804578942057
-0.40966564625523244,-0.17571508288443996,0.4457597245992541
-0.10946049978307373,-0.12579674321921233,0.16675257604403215
0.06482860944690146,0.04197517128047233,0.0772312346582901
-0.394801267147121,-0.39861598229880074,0.5610372018725766
-0.016191206257002495,-0.03148979439551455,0.035408506197361335
-0.14736312626441328,-0.23748002924075784,0.27948641339180086
0.0821959833660398,-0.020652737653623306,0.0847509011993364
-0.10895752633259265,-0.1365917184479096,0.17472561372927162
-0.041843984157459255,-0.18556229962593387,0.1902216760851259
-0.20369572768650332,-0.3068677775849203,0.36832021719916785
-0.3042169212353561,-0.0837016477054528,0.31552163316407733
0.1718863116949781,-0.2675453694304655,0.3180022466143713
0.015756555830003263,-0.3844101310811371,0.38473291765774476
-0.31568367864703606,-0.3352373902234564,0.4604783303999865
-0.19306949479914828,-0.23954502088586832,0.30766482875559475
-0.3139625188240358,-0.3488178375132891,0.4693041092871235
-0.20507931537900864,-0.148270694791341,0.25306466472075845
0.07256562834262764,-0.140065643804129,0.15774712355864212
-0.06336281042663998,-0.21765138479633317,0.22668694503416778
-0.07662258169653421,-0.1627097835520821,0.17984852985055916
-0.18288586709378613,-0.27161911913137377,0.32745104406666564
-0.3204659229306401,-0.3044452380320846,0.44202410649216817
0.19338667839614548,-0.10250732963963918,0.21887475873417622
-0.2831439859007989,-0.2625507973648792,0.38613914324855186
-0.03777920148091143,-0.1492877679330484,0.15399384961409016
-0.2050953256380645,-0.5901215495869899,0.6247459770863146
-0.33397329059931524,-0.12820126379119082,0.3577341511113989
-0.31089832256346284,-0.26620676459471443,0.40929672425852703
-0.3262465437151066,-0.45241179369316414,0.5577752579298575
0.07353672706206048,-0.332319154127782,0.34035815022885013
-0.03994882044132977,-0.24729467236833816,0.25050062522160965
0.03852152964914909,-0.2126593349583268,0.21612010779061747
0.13122188197757448,-0.5134433869099579,0.529946500952035
-0.35026378431170896,-0.040264617961648735,0.35257050083629643
-0.036492728499983355,-0.13028012047688464,0.13529460087100695
-0.2528138122495646,-0.5724832482916854,0.6258209753905326
0.22755520851107844,-0.1188469624842579,0.2567215873514633
-0.20728491564209636,-0.30766132905056404,0.37097510650434545
-0.33444281557512523,-0.15112772687979498,0.3670035241270459
-0.13404994481823126,-0.16721154049599965,0.21431072530514234
-0.0775374276941944,-0.45038496883174933,0.45701058285668644
-0.14476026466218278,-0.2289392480751935,0.2708665973026209
0.029014210619916582,-0.11065655551932872,0.1143971052837403
-0.18713760979594718,-0.3114435506496628,0.3633422219360272
-0.03765045472180474,-0.29854380628650634,0.3009085592215577
-0.07969439617539686,-0.12286485938986232,0.14644784209626222
-0.20930323967675252,-0.256963655907611,0.3314184162001098
-0.06699945367230063,-0.21535160821754645,0.2255332391339919
-0.09149979327383635,-0.2680539064306407,0.28324037304360666
-0.1790342911947388,-0.2633454684271831,0.3184401249289025
-0.04984882835329098,-0.20719435360198551,0.21310655985384513
-0.11122575862426842,-0.04963468631183727,0.12179807661378939
-0.27125969385239673,-0.01637338209246276,0.27175339767892837
0.13890565590337323,-0.18144348230142346,0.22850934009710258
0.13416483738404156,-0.14319488481785758,0.1962268550129819
-0.1672172476637,-0.2327775033819212,0.2866129341061626
-0.15353091306314337,-0.4100183772745658,0.43782052369535013
-0.20465736560556713,-0.20233277308625192,0.2877901811413716
-0.14974295374998228,-0.22357520607301495,0.26908887931009046
-0.10689825896053926,-0.2929604673559549,0.31185424993450706
-0.05853145212500278,-0.3250547035208793,0.33028244150864
-0.10741703336065275,-0.5044947665336883,0.515803633678442
-0.14507091465334818,-0.29230311286690475,0.32632296895873186
-0.0533636896213351,-0.2145894688931034,0.221125130932299
-0.13848631047707302,-0.2192701651083865,0.2593412105628632
-0.36566475830581363,-0.47409197720555735,0.598726914642664
-0.2900136053211387,0.018363488216938485,0.2905944062965749
-0.014203840866415848,-0.28399388552006133,0.28434886338464616
0.03225734896294365,-0.08204605894207892,0.08815947113069707
0.10586423071294639,-0.2952434176140178,0.31364934399556654
-0.07263251608711019,-0.31701247517469766,0.3252266775797038
0.07676654162015087,-0.229803019603999,0.2422860493949957
0.1980202117568538,-0.39257698408597336,0.43969158815955056
0.05928560043308952,-0.0030541349283264205,0.05936421614804973
-0.06105455865222622,-0.16541083377056248,0.1763190377154174
-0.27072779545386055,-0.14655536612006537,0.3078506367865653
-0.26824487862795643,-0.13833377933500787,0.30181376611286925
-0.18949740561470751,-0.023691923349381104,0.19097270476876516
-0.2719482755471792,-0.27509690202334613,0.3868257619082873
-0.0674736321276685,-0.25382668247352236,0.2626417251085864
-0.2458416509924999,-0.2514961108978304,0.3516936325261689
-0.381603932158637,-0.06726172789511833,0.38748638824914944
-0.0349333322070866,-0.19404009450521736,0.19715956982780308
0.007581356629255805,-0.2829958758652269,0.28309740854530424
-0.15191432906494126,-0.08871476288761096,0.17592121114139786
-0.2528429524587267,-0.19232752479024678,0.3176781947191039
-0.2512051302334281,-0.1963294669682299,0.31882483757640784
-0.01231784189568333,-0.3576581712378464,0.3578702232404475
-0.20652538160242356,-0.027188166716092144,0.20830729621261157
-0.07452847084428034,-0.27911982384747674,0.2888985445291014
0.15180276541897128,-0.19178942983486333,0.24459612626783195
-0.022570066430354033,-0.45592135765627556,0.45647967344210644
0.052458664046902505,-0.10759724698726807,0.11970413105998033
-0.06208843763736917,-0.27138140778055153,0.27839332351405893
-0.07864998167094711,-0.20369348299084075,0.2183503025639769
-0.09357460273827191,-0.06580300969504868,0.11439511511665205
-0.013398016222183434,-0.014308360464975307,0.01960193913584977
-0.19680965156314245,0.013714309328323257,0.19728690080377478
-0.03627301278755652,-0.14450803855989106,0.14899095497751935
0.2181531319223483,-0.21559679381240024,0.3067128404056735
0.08974221851547574,-0.08898644890095699,0.12638138261659437
-0.09023687700065822,-0.11595280342960441,0.1469276917194863
-0.10418374108433605,-0.45070734233567694,0.46259200202945255
-0.0760914489536895,-0.0029225277933736626,0.07614755263680492
-0.16782315557408672,-0.181657045221831,0.24731335108637073
-0.22526709906093026,-0.4398730735401614,0.49419994611998413
-0.10846267166312697,-0.4633392688579291,0.4758649274847891
0.21448171138968614,-0.11677616448300104,0.24421113224423152
-0.24751626086168368,-0.47796458474710307,0.5382512830114013
-0.4209743447643212,-0.0668082502410437,0.4262425849795155
0.14647657573620174,-0.2092859460646294,0.25545252877896946
0.0769633555602434,-0.24729041817379313,0.2589901716661502
-0.15456990076571048,-0.2983382112084006,0.3360022953638112
-0.15389223938510543,0.036107020337553475,0.1580713075185345
-0.010011893255896496,-0.3934989722134072,0.3936263191652398
-0.3574148945845092,-0.19425637246485972,0.406793491976042
-0.15358854581699727,-0.25072406724495805,0.29402720843832486
-0.11737728940569693,-0.039892927245633286,0.12397126163935787
-0.14455882977286122,-0.3182974531288042,0.3495862181688265
0.03270370097901714,-0.2210255587760089,0.2234319352509214
-0.19593072791085556,-0.25168231837686045,0.3189558582676121
-0.4752631342335142,-0.4533866909146441,0.6568367668302334
0.04444149430675495,-0.13337002989606736,0.14057955502382
0.05642944257409977,-0.30613078865813237,0.31128819726047074
-0.14567605156087365,-0.2679476799107382,0.3049876574025804
-0.16680221036996823,-0.1382230407463003,0.21663006803641208
0.020114746812702707,-0.1380495579166603,0.13950728826955414
-0.2227801583866899,-0.26128095950673463,0.34336385769553346
-0.004537586913599264,-0.2181861651116137,0.21823334378850273
0.012691529942625047,-0.20578657529304575,0.20617756789506692
-0.24724600068068758,-0.3118138054733734,0.39794275233553544
-0.11268383336534965,-0.08360264633120257,0.14031054406383728
0.14894520771911934,-0.06804912814640462,0.1637539579490444
-0.4485744761843562,-0.4508112844454157,0.6359637370694928
-0.30311707675390426,-0.3966987225914874,0.4992492751377314
-0.18401535732191784,-0.08683926398296735,0.20347655761639125
-0.13198073932878837,-0.21848730807070565,0.25525598786660625
-0.06885273774360491,-0.05605855648383906,0.0887877314151083
-0.11314759211849106,-0.2942025729232091,0.3152102972887285
-0.13564144250558732,-0.07374682802089536,0.15439299067036713
-0.009971312421077034,0.07097274576097566,0.07166978242084186
0.12134661891222259,-0.30674351092016927,0.32987358701942204
-0.16360810995609812,0.07783489277423516,0.1811791493980016
-0.09585084284562465,-0.282222056840792,0.2980548161692138
-0.43439256161771866,-0.15889648002114107,0.4625418780520445
-0.11734182748532092,-0.41450929531691877,0.4307981666415532
-0.2617059681797306,0.010087557973564676,0.26190031043654793
0.08422612481931856,-0.2508605844770451,0.2646225102787821
-0.41046610282567236,-0.34205334382066604,0.5343060093128227
-0.11737889246889104,-0.214497960212957,0.24451417000399542
0.024310815243114788,-0.333223003072862,0.3341086432804178
-0.17693904204653527,0.04072717485290436,0.18156576596882082
-0.15545568453504793,-0.23772964217660716,0.284045511535877
-0.03571191886756294,-0.24397475616864314,0.2465745785695522
-0.207242252220049,-0.46593962108082093,0.5099500775548302
-0.36566653800984655,-0.25434186187395846,0.4454231692689754
-0.04982307361392169,-0.07591547592041524,0.0908047253647155
-0.13066198268944573,-0.21129579748171018,0.24843201837478376
-0.1233666790998824,-0.36069160733276256,0.38120568347340406
-0.0393433648508191,-0.15078028401984947,0.15582873421449311
-0.38897895025530255,-0.22606678304161082,0.4499008936827086
-0.10392612025314983,-0.20562172630318706,0.23039299641867356
-0.009432114185423801,-0.12486962127952725,0.12522534526404563
-0.061895726841297634,-0.23225194107706632,0.24035816011793237
-0.042973551088474456,-0.07338565969503112,0.08504223152074879
0.020130224604241638,-0.5508467440486701,0.5512144422741827
-0.1501927639876427,-0.08987206304847085,0.17502815222368104
-0.27870797756769794,-0.2154980462578637,0.3523031999582643
0.03251629980160912,-0.2711209805682798,0.27306390434675487
-0.17816799797554841,-0.367288600266164,0.4082214489564372
0.17225834062790515,-0.12494998623081238,0.21280374755854184
-0.0204430438781442,-0.025968467687539087,0.03304964987775953
-0.5215920890287846,-0.2676382569676824,0.5862495577227421
-0.03780488101546047,-0.18976879160837792,0.1934978121248328
-0.17771977090215377,-0.3108842513976543,0.35809682313111063
-0.0855136865824071,-0.1588713990838821,0.18042370143577113
-0.20528727294289256,-0.031204467114592457,0.2076453303116527
-0.016850505778636723,-0.19711386834073047,0.19783279970025874
0.003689579377751448,-0.36090093161608033,0.3609197908640359
-0.15204787925595747,-0.2860318161903653,0.32393326081060764
-0.36377079170564336,-0.1771517885071941,0.4046133278445585
-0.14142156131281697,-0.11991532274085963,0.1854177516641796
0.03154508635762284,-0.20205982478715998,0.2045073721564278
-0.0016743666155497592,-0.054951984865766274,0.05497748761311918
-0.3576182267051705,0.02231685293806638,0.3583138819482299
-0.0015383522375769189,-0.04870246134159333,0.048726751054592704
-0.11719794079073137,-0.5425468313415781,0.5550607367886641
0.06687000597461934,-0.2416450448903267,0.25072679437805134
0.03549485226750875,-0.07293882171487517,0.08111692949469067
0.012625663772711357,-0.056587029423235354,0.05797843810113946
0.05407712025751066,-0.07556521330602683,0.09292166807225645
0.09772377233015009,-0.08536934650554792,0.1297607837569553
-0.157468747914077,-0.12822991212943533,0.20307465852328752
-0.0063526934673847416,-0.1489909517142974,0.1491263236555594
-0.32079136832937566,-0.19808721076448,0.3770220750341877
0.037310376867249535,-0.023927049738307844,0.044323446742730276
0.0879012213825033,-0.25936694586145115,0.27385733023973047
-0.09993955982480256,-0.17548903059548623,0.20195127005621627
0.06101269883802689,-0.11360264399255382,0.1289500296300807
0.07155747713919836,-0.21373335297118592,0.22539391896595712
0.3130001789767241,0.009842851422779006,0.3131549037834027
-0.06445313559596454,-0.36757108142190104,0.3731791883074639
-0.23058949362509285,-0.3612138093426272,0.42854046556899217
-0.30078639221811027,-0.15696607944099294,0.33927983116988103
-0.051868593301790486,-0.33076591534151895,0.33480806699185045
0.08439359949996664,-0.2461621776909968,0.26022701120778113
0.08838917890295496,-0.1526398316259993,0.17638470780073878
-0.22885320257946884,-0.29155887255247165,0.3706485727679898
-0.11723852970735993,-0.12350076468873063,0.1702859704339871
-0.07936268176377652,-0.31314776492845564,0.32304791894767837
-0.17799460855062904,-0.29750598187918614,0.3466870201305355
-0.08311762804217122,-0.06831509662919308,0.10758946286143785
-0.2498912673889722,-0.6159149626154024,0.6646780323516035
0.03329118306489661,-0.1648116464108157,0.16814036297838839
-0.015534511189187281,-0.4677999297722851,0.4680577905909075
0.018011845373247126,-0.33371938723288924,0.3342051106563825
0.16783713949544732,-0.042215034401344484,0.17306476973526685
-0.256322467297531,-0.3573490995944303,0.4397721981008394
0.06522521815393963,-0.20281612293198548,0.21304625977564418
-0.32401418785074043,-0.04523155414308982,0.3271560597310925
-0.1363310955848622,-0.07763322350633838,0.15688557937348455
-0.2862838680673285,-0.3666334621184108,0.4651650767851384
-0.13419157655398498,-0.1819172231914311,0.2260558676781582
-0.10437121579094247,-0.22324814012842892,0.24644083013267526
0.03380988015317457,-0.2899024639890933,0.2918673442215137
-0.15401217525930236,-0.241838738637001,0.28671540878306095
0.24091504444661,-0.36633080775834487,0.43844990518141697
-0.14736751487114264,-0.10910633036204458,0.18336132570519895
-0.03768141726086399,-0.3302911241420179,0.33243362629822093
-0.20718761967054952,-0.5248832160779419,0.5642952243861998
-0.21480727172855393,-0.1410529848831937,0.2569788094997782
0.04337267159572618,-0.16052000789163007,0.16627646127723458
-0.19872930059796276,-0.42500299662821767,0.46917041899412226
-0.299802681191431,-0.08507566486710584,0.3116400430017794
-0.09624132855002822,-0.13475162681609884,0.16559104520069812
0.0634115782216348,-0.2910368194310898,0.2978648326290354
0.07955305415228099,0.1103653132365328,0.13604848691093097
-0.477955832631077,-0.371294268434554,0.6052282310983326
-0.2490270102869935,-0.18319680329631066,0.309152908106111
-0.06117476585743784,0.038063335139606955,0.07204977071207361
0.029684410920036278,-0.042537353812735455,0.05187090437865344
-0.12361535893297687,-0.14413609388273194,0.18988409760667274
-0.1649546962318314,-0.0717512314814593,0.17988410443405423
0.09103912947186793,0.02311009064807888,0.09392656378659849
-0.30197322964855466,-0.18034154099744043,0.35172560730448704
0.19176600370067287,-0.3984218338969575,0.4421698292524506
-0.13621142523555355,-0.24218103167603783,0.2778582452769232
0.21035984077371878,-0.1830098787125955,0.27882589247905804
0.03143219624726024,-0.203473107902024,0.20588659159895523
-0.15446950162161527,-0.11666270262581159,0.193574309026763
-0.11243373631909784,-0.13126136403743016,0.1728319725966211
-0.03365640352435901,-0.26657987399415284,0.2686960787152148
-0.2540841139052372,-0.365387593742252,0.44504699819205895
-0.16520075151922753,-0.18478663680792679,0.24786566814567562
0.051949399847593766,-0.06816320092391784,0.08570275435900276
-0.36778237410768616,-0.24311296804770682,0.44087162523488777
-0.350008673382689,-0.2239554410365649,0.41552630604209906
-0.2265725283717416,-0.2007968822342951,0.3027449397228251
-0.13340247603564792,-0.21482098629990953,0.2528720561218806
-0.26423598084441113,-0.0894289281653287,0.27895911307144555
-0.5177279167600101,-0.2057487013713403,0.5571128466555523
-0.45358523208266766,-0.33530512217939024,0.564064790359426
0.2750767560635741,-0.0808675772838453,0.2867172593029896
0.25437385715572586,-0.08151281252240494,0.2671149524260938
-0.0025787415603989667,-0.2611509551060488,0.2611636867193386
-0.21357268361932083,-0.2216608872963201,0.3078097466704887
-0.3343466706025389,-0.6454620524153295,0.7269174349616415
-0.19962545478234486,-0.21148758104705673,0.29082179961996213
-0.3755154244381424,-0.34530654205292144,0.5101455105903651
-0.06362962058894282,-0.45258073427308476,0.45703178188333615
-0.06381740879594479,-0.3177566061917318,0.3241017162002017
-0.1392749949004582,-0.1437227992905532,0.20013437296085673
-0.1677278030408748,-0.3865495718684587,0.42137060579092034
0.07806871315268124,-0.11091202434845142,0.13563259607626446
0.03229108975774081,-0.06881549230308005,0.07601504100280249
-0.36116834722275604,-0.28471006626383294,0.4598938974019697
0.2981026352077624,-0.3449997927993938,0.45594960044881816
-0.34360631337553754,-0.12444549048751462,0.36544764152229275
-0.19805392771675032,-0.23795525179078061,0.30959337870640186
-0.21024199286617537,-0.23932597778409648,0.31855708939945876
-0.1933912869962693,-0.16387930564395942,0.2534888887198405
-0.3380134733907504,-0.19992112242612198,0.39271053383605586
-0.14855918374217839,-0.4048524437721535,0.4312485736816147
-0.23773999252606537,-0.13754655000968113,0.27466226072371014
-0.2341394718929764,-0.08873044533732187,0.2503884666434965
0.19170529311327086,0.055970081359080597,0.19970871141486843
-0.207896103593959,-0.010030382998313617,0.2081379313643791
0.10004922817787976,-0.26253286127603676,0.2809507987331095
-0.21069956752823338,-0.06468392415364599,0.22040489513733402
0.07254332169682584,0.03893998280439134,0.08233380705163254
-0.10945346435377906,-0.16719446327073154,0.1998350555018613
0.11500098615183463,-0.15489761153183745,0.19292096017323385
0.0901509422303239,-0.3704216288856148,0.381234016755178
-0.15560573083775944,-0.12197486657329144,0.19771446974140636
-0.2277707101679931,-0.015539548811792063,0.2283001839414633
-0.12165561140885636,-0.045457716882098334,0.12987105840561888
-0.049475494431989536,-0.24026717492374083,0.24530825484505267
0.048994517804932365,-0.21921144311082344,0.22461994471922483
-0.29151147103644437,-0.33768850088030355,0.4461081274451504
0.010903354692288291,-0.2502498879169019,0.2504873041612445
-0.2414871683538215,-0.24571128352007596,0.34451427739446455
-0.3162737747669682,-0.18979291031517972,0.36885017203636056
-0.10860698277164318,0.009297606694942574,0.10900423017944688
-0.10363645819838561,-0.24920296181756674,0.2698937413993762
-0.018217620750530992,-0.2242752989151533,0.22501398047519522
-0.2590220345532609,-0.020501440948467464,0.25983210630150033
-0.01193330905801465,0.0818828257703564,0.0827478158093169
-0.11480791888790882,-0.3246162572307592,0.34432045059490596
-0.23199642471457219,-0.2319307087211411,0.32804602531997695
0.09251065225425131,-0.4093145981608706,0.4196387268211813
-0.07952787219537526,-0.04158118772780207,0.0897422845083557
0.2077113308602302,-0.09558718089511942,0.22865018285408018
-0.049280034503119054,0.0033150158187979315,0.049391407456231544
-0.4152360493147802,-0.09815501525070629,0.42667948587834986
-0.32848258490843063,-0.1675840052574977,0.36876172172050253
0.08133608042363102,-0.5328286008872651,0.5390008125245822
-0.2364151938216833,-0.07869241894554513,0.2491678965461748
0.037009792599817494,-0.2888696519698962,0.29123083727086746
0.07438475485898523,-0.3547061782823255,0.36242180490015247
0.2278141498754179,-0.0021575344355361193,0.22782436620848942
0.02606509114665179,-0.28607424667658327,0.2872592271591252
-0.43801085488622976,-0.26745755556397144,0.5132124833111728
-0.07604129573164534,-0.2480718451653967,0.2594646777893132
-0.360473592872982,-0.3653819143535261,0.5132690858559512
-0.004719084727783684,-0.3331188979689473,0.33315232243632026
0.05364852961805904,-0.0330237106161222,0.06299785863850564
-0.2236715424868718,-0.4085306875444512,0.46575345579394095
0.001745216173982941,-0.27494943244589587,0.27495497118949164
-0.4800717188081189,-0.23147791050307473,0.532964237308894
-0.03202863864948442,-0.0754038003825057,0.08192415276256457
-0.11485477513449459,-0.2721879426406927,0.2954283254702709
-0.22089389300035325,0.06235011495875915,0.22952483264392545
-0.26828249208399735,-0.47697235196600146,0.54724594114418
-0.29695616170011396,-0.4144042526800068,0.5098174640113254
-0.032788346266069565,-0.23761240177625803,0.23986398047382093
0.021606458646929536,0.09517612846543243,0.09759782008287876
-0.027188040406796524,-0.11711443375104595,0.12022886564377845
0.1006296865007817,-0.2002861566815185,0.2241447709929888
-0.34577992812621566,-0.42332739736752767,0.5465984303462054
-0.0985021494762107,-0.29564183531180427,0.3116195889830512
-0.25938467064263027,-0.21310258125941375,0.33569795576352685
0.07216685756311417,0.009080607895364362,0.07273591114631178
-0.03015088966502354,-0.47091315289579094,0.47187739267509626
0.005576441706957062,-0.1578534884692864,0.1579519563792555
-0.20070435149448365,-0.3756766830686809,0.425928640631629
-0.1555184042304673,-0.3592638010724719,0.39147982427633704
-0.0856870340258459,-0.17056186403086113,0.1908759211158611
-0.20541591218620386,-0.07444057995057039,0.218488207742815
-0.29885082301695065,-0.1252081073707374,0.32401988298447193
-0.07414699700244919,-0.19340829926526218,0.2071341289820739
-0.03557616987503309,-0.3106078253245856,0.31263858529593797
-0.15932597505187818,-0.5023308416380551,0.5269924485104397
0.015078538242695089,-0.18971905946020257,0.19031732406168467
-0.2630389063666801,-0.07667906137092054,0.2739874900708142
-0.3694329899992357,-0.11723438777210796,0.38758822966658363
-0.23697249201567527,-0.06627959188113453,0.24606695485588678
-0.2957672726887407,-0.23161675381358843,0.3756655430577581
-0.33463536833832297,-0.2604351627243665,0.4240369131646352
0.136608882189158,-0.3891729117962543,0.4124530785058421
-0.5335309239431872,-0.02404966562001832,0.5340726853342209
-0.21406679466693282,-0.2548351825311796,0.33281460730363743
-0.21228697898458088,-0.11262192713933021,0.24031117310474037
-0.10162413798734296,-0.08759349572271319,0.1341643988343983
-0.3819091475232265,0.0838229467286982,0.3909998508442168
-0.28270665254523497,-0.13504145691046238,0.31330376071447413
-0.1612488794146752,-0.19244327062059782,0.2510689417662828
-0.053799702071830185,-0.19550206541384613,0.20276948864189961
-0.19995022169769386,-0.24663332251506018,0.31750289279276595
0.33454806184721503,-0.3542304160580417,0.48723874368360864
-0.37607698978083304,-0.2895893814707992,0.4746534652809909
0.12035682514865978,-0.36333351868598945,0.3827492797649753
0.09125754490365072,-0.3227411716455962,0.33539499605243667
-0.7326974593183094,-0.33557748436942386,0.8058894557612828
-0.07969500129431338,-0.16768755496625842,0.18566208369471282
-0.18459604672789148,-0.16668794253724525,0.2487178535104906
-0.3416560932741053,-0.14101498218101793,0.36961346197187805
-0.3396953793522714,-0.1733787050888554,0.38138317494558127
-0.09230644464660756,-0.31774800573952056,0.3308840807212393
0.10534608822253204,-0.22539348484604377,0.248797148928265
0.04963512745161571,-0.14972850508048868,0.15774115224245086
-0.06334779290072415,-0.3545664537388137,0.3601809447795807
-0.2865522931689501,-0.3719406840008018,0.46952325728910194
0.08200228178938226,0.08254556022596443,0.11635352908994026
-0.401610712897265,-0.37609100179422006,0.5502141458963314
-0.22420782784234491,-0.2279056591963068,0.3197032054257287
-0.18008605057787855,-0.3971395843527268,0.4360628797233202
-0.0508020824931712,-0.4515296835195699,0.4543785939994598
-0.015977473902516463,-0.2057303897201791,0.206349879880562
-0.039621782703469215,-0.4415256103165351,0.44329984235276887
0.0336926884606541,-0.24520515770253928,0.24750912431592065
-0.23869721084251913,-0.2384986530308883,0.33742846050910713
-0.32566838874800036,-0.2969889033941002,0.44075198033468765
-0.010588240003294362,-0.12758167507678206,0.12802028996125947
-0.17849252410225896,-0.4608103176486511,0.4941717616495769
-0.1883906907417346,-0.34821951169675097,0.39591398142080253
-0.15871958238416226,-0.10171957877106964,0.18851731628040622
-0.28661075498754784,-0.023404900884676217,0.287564800105913
-0.5905867240248316,-0.16969824133768546,0.6144836626855802
-0.1820804434334463,-0.012953754435962523,0.18254064652812985
-0.22100162858326236,-0.1470084368763063,0.26543021747583523
0.059758370379254876,-0.11659156148979977,0.1310139497954854
-0.08243941100819337,-0.18714448821890795,0.20449771626620872
0.004999357611275215,-0.5176203410462373,0.5176444832521143
0.2769565004095047,-0.14158644013721952,0.31104922946345714
-0.24694070863172063,-0.11901305484244282,0.2741237326509083
-0.00026742123417770945,-0.1343243054317334,0.13432457163093464
0.12579621632223736,-0.30436076724996686,0.3293329085924752
-0.0884107648533665,-0.23934803239207864,0.25515474510954483
-0.3397052667630127,-0.310453232571747,0.46019656439479956
-0.05991623418437244,-0.3510883232642767,0.35616423999519914
-0.27641282617784263,-0.47378714654573706,0.5485237558279258
-0.06790690070533056,-0.31226140451869,0.31955990348507207
-0.440956415051775,-0.23470423843074073,0.4995284171222567
0.2194771421502306,-0.2572157544539047,0.33812743199232437
0.06602326875801892,-0.15636470863869634,0.16973212461157136
0.17116540928934096,-0.22291024193668013,0.2810455004042173
0.17605845035581605,-0.13428461819828594,0.22142478774146035
-0.06667408013838243,-0.25035392198272893,0.2590801405249614
-0.05293425855148913,-0.021667339066025453,0.057197109285330255
-0.035282429559190746,-0.1826964549268558,0.186072148583392
-0.2321558140932284,-0.14825453382154075,0.27545549334862063
-0.29022688364037286,-0.11069892630774594,0.3106217897593314
-0.08530926783383559,-0.11898708907430908,0.14640901114590815
-0.1138790481371576,-0.10695791978244146,0.1562319884300659
-0.13816737564374704,-0.2477292200274118,0.28365470231898166
0.017519739044835194,-0.19536222459364855,0.1961462211065467
0.08114626384594935,0.06249377107504801,0.10242161666043421
0.11567353444150519,-0.09851546447829343,0.15193966997319686
-0.08053837546805996,-0.2504344953263279,0.26306627752790124
-0.2386019962931096,-0.5184712535688819,0.5707393042469959
-0.35241542706116824,-0.2592208275376546,0.4374837947398876
-0.02702317909199975,-0.13806397031830808,0.14068373078751126
0.18281834246132914,0.02642485566498583,0.18471821604060373
-0.09127168491185396,-0.11619427767190618,0.14775530660637806
-0.09972197809839539,-0.1274953565922034,0.16186271611594177
-0.15857137102628951,-0.14479649354746038,0.21473449711864395
-0.351088892382272,-0.10557400163098979,0.3666187122537402
-0.3176229807621129,-0.3927252100172374,0.5050915248658334
0.3114982717279651,-0.11708893653080155,0.3327776920820013
0.03369357220012446,0.025298286825422598,0.04213383585559651
0.16025128207962996,-0.10585625509867976,0.19205733558414761
0.06674168093043767,-0.22500945554490995,0.2346991841869868
-0.14615230426175227,-0.055973194007223045,0.15650397595074075
-0.23179378628948497,-0.2552559837494772,0.3447955576893774
0.032149740303358494,-0.22575831932997828,0.22803601590158917
0.08186063857295543,-0.14578013330262213,0.16719154109374768
0.10338451264669181,-0.20569214159116103,0.23021210777791903
-0.11552761077921717,-0.3099678956162804,0.33079710573875887
0.11693375220259916,-0.17167402239807203,0.20771488240016073
-0.03160851117899285,-0.10850073098657052,0.11301109062199453
-0.23756635713622004,-0.3599508198557178,0.4312799169423235
-0.5312373351498124,-0.3020495296291065,0.6111031210902449
-0.10221579785336286,-0.30272685658622567,0.31951779141289893
0.2693538505586229,0.12362213420060701,0.2963678944741988
0.2095051251178711,-0.055489717453677,0.21672910785988975
-0.014584402265430901,-0.2910823310760756,0.2914474708315754
-0.23623069269741415,-0.25947598658947285,0.35090273266089056
-0.3399222223302494,-0.29677011002455395,0.45124230235863455
-0.6086328238939073,-0.2634388160154344,0.66319976184004
0.12515733131758863,-0.17713008509683,0.21688574095350505
-0.01005633111231479,-0.22937440470539575,0.22959474586626583
-0.3549272309607965,-0.12489628756851145,0.37626110870762985
-0.23672844593565737,-0.0036223844024933596,0.23675615891433718
-0.11239835309097695,-0.12863226487447674,0.17082051792539873
-0.3499839612729746,-0.26857910566826426,0.44116154541152797
0.24193488707565955,0.02693635286244484,0.24342977773855498
0.12364315460093346,-0.14196883895578738,0.18826253189130498
-0.03175269967394832,-0.31080539041317756,0.31242314998487497
-0.2906822138040784,-0.4065140536512501,0.4997497626192646
-0.04342253266976572,-0.5564439368333863,0.5581356207787624
-0.12481882430912611,-0.4147838362039498,0.43315744213620244
-0.11004769703712818,-0.11644983363688753,0.1602219066708243
0.05374972719953027,-0.21463229131829875,0.2212601492600215
0.2034847647834425,-0.269305142165949,0.33753712254505414
-0.07263248599454504,-0.13750954366976662,0.15551319115115358
0.10161775009204717,-0.32660907859603744,0.3420521266636451
-0.046925552584486996,-0.22526110040886752,0.23009687273575308
-0.30632372633571664,-0.11651309251262444,0.3277339256821826
0.22735206444716047,-0.18672858996805933,0.29420490736873417
-0.2711412512551206,-0.14713951274692966,0.30849248668905427
-0.37102268866851507,-0.040755175356469754,0.37325436343752294
-0.09388884580891467,-0.3807335124883943,0.39213916266942844
-0.12322514819916502,-0.4256048298053479,0.4430845385503147
-0.016949424005761216,-0.09070072347034086,0.09227081993875591
0.12019661316959136,-0.15724004865774366,0.19791831324900175
-0.0880335448717838,-0.16019122466365177,0.18278712613839337
-0.059261830047574716,-0.345509592311497,0.3505550497137996
-0.4501110120456219,-0.2856083549688408,0.5330779076202102
0.03768258599776233,-0.05049273879812435,0.06300392018608338
0.2052179690136393,-0.08377237175107279,0.2216579009980988
-0.27047735986060634,-0.3279442233223504,0.42509459630494434
-0.3265778524906739,-0.07893338973459267,0.3359815080512817
-0.4785875817944205,-0.2286391853780872,0.5303979171699174
-0.023497642259653652,0.1159114624860313,0.11826921124034481
0.20560324226976148,-0.30258938702862054,0.3658319701368301
-0.3947313589093314,-0.14259916283771265,0.41969913860815095
-0.27469785842429273,-0.19821255014010047,0.33874345522228855
-0.13352031033141104,-0.1078283079627335,0.17162347528558675
0.1163918159990503,-0.19350461168928812,0.22581206694191291
-0.10091661462604662,-0.12965374729888876,0.16429929183117653
-0.034013250991368996,-0.22405469316238819,0.22662172616740386
0.04233538661909266,-0.025323420663850085,0.04933113210039234
-0.0638158103388655,-0.20952198571946354,0.21902493042809792
-0.13444558494237974,-0.39375271289517944,0.4160730875973742
-0.024978247890527407,-0.27467471779344865,0.2758081098564567
0.05209871942702316,-0.2293195759113504,0.23516322940055337
-0.4464431930046089,-0.1413210760910146,0.4682768103671938
-0.2437682181273133,-0.46856482343095873,0.5281817281257001
-0.04189624809976954,-0.2272845077853925,0.23111370163641443
-0.29739857342942333,-0.18077102847951537,0.3480288439417024
0.1443741478212011,-0.06169549717005837,0.1570039137415329
-0.16228065313158016,-0.13598662564433803,0.211724757019451
-0.38999286062651195,-0.2902988035869516,0.48617674430567476
-0.2325325115563304,-0.11695879115332439,0.2602896996785349
0.09111316703424721,-0.09172411136952255,0.12928620117220246
-0.29789459238261706,-0.1524675895738345,0.33464541538957443
-0.3467499893589057,-0.24581062130786227,0.42503931190909683
-0.27632208175717576,-0.24912809122970744,0.3720466351230404
0.038936610404832914,-0.09667045539596932,0.10421725661464054
0.07471532026244697,-0.32012715465693087,0.32873054958531395
-0.07880348650211742,0.03036251850367838,0.08445041157256497
-0.10076998874874322,-0.268399709815788,0.28669320686340133
-0.01377269447315178,-0.10704893279696333,0.1079312796459838
0.3223980444295822,-0.12432429865184112,0.34553875366923903
-0.06398487824862768,-0.21123734388639456,0.22071538255561304
0.05272144263233821,-0.1512746893222336,0.16019857097606463
-0.48867548824856627,-0.38423186346737065,0.6216412612742037
-0.1540012794490037,-0.13554878787481886,0.20515815354565553
-0.33934146220055617,-0.17721920651137846,0.3828306089185321
0.08837875369196085,-0.20592138122593764,0.2240857410683291
-0.17249834118808097,-0.16864989255524718,0.24124357809387592
-0.31353552951980646,-0.19193139874451723,0.36761690670491787
0.11760268897335525,-0.30939359070727535,0.33099061380121453
-0.19774060333953028,-0.1813672139949455,0.2683196089020886
0.025510882899956448,-0.19401877465145562,0.19568875814309722
-0.07204268663304135,-0.2626026613287683,0.2723055387506071
-0.4656265644982277,-0.2558595796098323,0.5312929719510152
0.17439549478149505,-0.19965197623272116,0.26509375740238306
-0.3332767592799441,-0.264147775783817,0.4252616203323308
-0.1988102228130496,-0.2982752952830406,0.3584601183830071
0.3656966725679058,-0.10987652872572697,0.38184670732121495
0.21610270216435326,-0.23116172278706432,0.3164429173873524
-0.2190136651184179,-0.21832704098604283,0.3092469601052268
-0.05239214808403297,-0.2734010796773613,0.27837580273724605
-0.3742175344687679,-0.2480353623742311,0.44895467932966193
-0.1594375950803777,-0.25619798641368047,0.3017577753222589
-0.032787642453774773,-0.22986902662742711,0.232195604825581
-0.07767225919934499,-0.13063919834344245,0.15198545980766556
-0.43614134236689533,-0.21082450539878286,0.48442361895167624
0.3365721198855079,-0.024660913579776095,0.33747437316456175
-0.3990781321337989,-0.20212256896509084,0.4473442616514151
-0.18316039447587742,-0.37162427971286954,0.41430946812336805
-0.022432883762444157,-0.09377337606627012,0.09641929440088977
-0.0479173825838036,-0.23051199035521175,0.23543970194341446
-0.08957815675844907,-0.04339918740400256,0.09953760915136052
-0.16466259227249808,-0.08524248301907301,0.185418581067691
-0.307565673126854,-0.3080372223221138,0.43529710959515705
0.07356410560475232,-0.15777985993813473,0.17408665036562845
-0.3768655107714435,-0.1538149548049539,0.4070462547803026
0.05828651140275797,-0.1049783700210822,0.12007404208981676
-0.062146351333472974,-0.16870308243488327,0.1797857030108192
-0.1436432407686271,-0.11666152566074513,0.1850494317419172
-0.06808950196833452,-0.2789470644914447,0.28713697962242696
-0.1449961478351939,-0.04652764171790311,0.15227837775230915
-0.21916286961892342,-0.2686988807285268,0.34674407265930923
-0.06599560711580595,-0.32089675575277266,0.32761280196481707
0.03959461655423615,-0.08066586179751424,0.08985941753435006
-0.33386738866875804,-0.34684270079163637,0.4814221560220636
-0.27373233434278366,-0.3118314629714272,0.4149316234798814
-0.13253544721005595,-0.018869991184120444,0.13387203342916065
-0.1833186225583735,-0.4001771132468941,0.4401675128213314
-0.30168785042738683,-0.15279711480570238,0.33817527613420284
-0.08513394966037748,0.06876349823437249,0.10943586283391855
-0.10928424578839992,-0.02168052429025977,0.11141405436945534
-0.0007945570164891106,-0.020144200102822564,0.020159864052989265
0.1410984007815908,-0.1380844819661008,0.1974236127289966
-0.19613658937979192,-0.21292677891142361,0.2894950342771554
-0.061436163146164444,-0.16403023881614462,0.17515798979265426
0.2370587500895987,0.055552005528722956,0.24348075142053033
-0.3024815512092117,-0.35683076998797136,0.46778551413242747
-0.1291722428203403,-0.09991512439784986,0.16330493072370708
0.11266323379726,0.038458038980638855,0.1190463145666106
-0.10495341952984001,-0.2980889836025159,0.3160257306236117
-0.016498093652711987,-0.3483051464407495,0.3486956583200967
-0.06840230836223204,-0.06764857083610101,0.0962039756218466
-0.4468197087297055,-0.3458628511224929,0.5650389047630956
0.07585189348556413,-0.2134989196620904,0.22657294287320603
-0.18805687550727102,-0.39523757544926297,0.4376963896042199
-0.20538720517561107,-0.2264816242016283,0.30574144329949143
-0.07452985052568914,-0.2830960113442031,0.29274229325189544
-0.18247105449324916,-0.2228120369589583,0.28799459984811954
0.041765160903294705,-0.29082703205172744,0.2938106384004749
-0.03154959222172136,-0.288180072784057,0.28990193362442634
0.024237122769258487,-0.21130888654068503,0.21269434325152187
-0.37416003955899046,-0.11238006085009804,0.39067251410798925
-0.10097408595629559,-0.32501437887917645,0.340338232517192
-0.28301780234202645,-0.5143539765705778,0.5870767323412476
-0.4239629589621676,-0.14607117721995896,0.4484209845517728
-0.23552972714962941,-0.30825802158952187,0.3879397636817667
-0.345892872537693,-0.17883139266021192,0.3893873987087508
0.15862474858957534,-0.2709145870180694,0.3139371343506166
-0.14308212152550093,-0.21328140204795681,0.2568296127002889
-0.1536563088634718,-0.18028857049496824,0.23688442309418695
-0.20821182888381073,-0.2635972889160804,0.3359102505298831
0.06043009729117214,-0.3326363129415286,0.3380809272141141
-0.0982171913435513,-0.37107698791200605,0.38385511281375795
-0.19248963528547275,-0.3492024854168359,0.3987413140290705
-0.19493092735538398,-0.28237390479346935,0.34312255616316056
-0.3117028407527753,-0.27031675872743993,0.41258915519225536
0.05088157804348424,-0.0495015775254186,0.07098831707894057
-0.12721699003453454,-0.17307424932366067,0.21479957712340944
0.15944876997739615,-0.21596358522143583,0.2684477237545533
-0.11343523181519266,-0.21582311390100894,0.24381789989845778
0.09784285959686556,-0.07907788539786828,0.12580356566127343
0.15555051990188626,-0.09403259973774863,0.1817638414404437
0.15288411284628992,0.00879095132777621,0.15313664742981817
0.02228292348875105,-0.3273446526868706,0.3281021949361105
-0.14262359290397686,-0.012330121465571069,0.14315558371294868
0.0649398630930989,-0.05135410455589792,0.08279148430417542
-0.17041992685273735,-0.1339679448629313,0.2167726037101777
-0.21445133397411886,-0.13179721681804368,0.2517138871899234
-0.1161542256973624,-0.19681630558659763,0.22853547272165603
0.34909709334028993,0.0006817050056991871,0.3490977589449034
-0.10695615417897185,-0.19347512330380018,0.22107067253296325
-0.14655454321159178,-0.2699807707484505,0.30719350694616854
-0.3751065046506205,-0.1218233681571314,0.39439298023716646
-0.256075199238789,-0.2432211472832405,0.35317281060546163
0.055974050666114036,-0.02935865359657044,0.0632062092596615
-0.3271545107217656,-0.2629059558960265,0.4197018174027857
-0.13206297236340447,-0.1623685843450599,0.209294495512128
0.09748553168312117,-0.07676979188749597,0.1240847687429455
0.057102623421511185,-0.46156292114079833,0.46508175601032314
0.024779091387376658,-0.013657835903462688,0.02829381295530665
-0.044114288497271024,-0.12024170318096748,0.12807863847449483
-0.3260437009175384,-0.3866366222429346,0.5057592041351605
-0.4540235325244934,-0.22053357157039383,0.5047498630763695
0.16404464563965968,-0.2643652446497365,0.3111263864440889
-0.026654395724730242,0.023584604794383974,0.035590594189445574
-0.24690645154326984,-0.38163894628235256,0.45454491651892165
-0.019849788664468952,-0.2585062561907525,0.2592672339494196
-0.09827141205965237,-0.16691832964905004,0.1936982168245927
-0.008003386617503497,-0.08964682302051455,0.09000337257581346
-0.08149620578033719,-0.15258044793594597,0.17298099505126274
0.22692026633936851,-0.022655025487158875,0.22804836648253754
-0.1224667098499017,0.008980119382976152,0.12279551117851382
-0.006042682014551279,-0.03320418919422936,0.03374955090034768
-0.1595301958019171,0.11608010806114698,0.19729286571005442
-0.03405662135492084,-0.07402440366352146,0.08148291720264082
0.14768894256427462,-0.07868804420978254,0.16734345537640335
0.2102546732844124,-0.28453301166547473,0.3537881602956212
-0.013493618226066977,-0.11909202394824751,0.11985402747058943
-0.25153577604896066,-0.3860352809173951,0.46075317117251074
-0.20642072531975278,-0.18827487552289066,0.27938672945344556
-0.14623125422268118,-0.3892356474821476,0.4157979905944534
-0.13980228307697407,-0.1615752400405296,0.2136614999191224
0.0391351455506964,-0.01941962927226967,0.04368846092902089
-0.30055613358744093,-0.2486850733031034,0.39010031417675317
-0.0401847643009064,-0.3286524622811063,0.33110006983592344
-0.033728508770772964,-0.26815420514369875,0.2702670716904836
0.10585341669931948,-0.2449425968338666,0.26683669457298764
-0.11937809207819251,-0.17090720669870027,0.2084715860010224
0.049901141626621334,-0.19027186685066338,0.19670665278652041
-0.20253936874357245,-0.0967416524694911,0.22445744187612182
0.12480957291390439,-0.38051817581101693,0.4004641202573524
0.04727706365703166,-0.13045260815509727,0.13875519349739082
-0.20928602810202496,-0.32067950546320123,0.38293078589066837
-0.301662847008633,-0.24681958248170685,0.38976964935946207
0.015292576706028224,-0.3917158929123828,0.3920142901253156
-0.1368745568439218,-0.36431929017297376,0.38918271994444903
-0.20606199498069294,-0.051523821507013394,0.21240586140243328
-0.045372693817626764,-0.3269067014531256,0.3300404108578692
0.1025450657817308,-0.14876878059472226,0.18068658111719338
-0.17646333781767734,-0.1286172590474765,0.2183614181091554
-0.07066075824054385,-0.012751185557750417,0.07180205768818028
-0.09225143331715137,-0.2876000325337218,0.3020332856863075
0.02823591398286415,-0.13208870875797457,0.13507292037931484
-0.37178925987455663,0.009773122162291235,0.3719176893814943
-0.05705669185321324,-0.02201856838288772,0.0611578567222923
0.0630983583172302,-0.03636029144531334,0.07282495187995458
0.029723221152290386,-0.11470931684688494,0.11849766768652877
-0.17245735324746386,-0.36955034551563515,0.4078100005637991
0.010137520533508557,-0.04060785556104704,0.04185411874396792
0.015257951587401355,0.07482577720422082,0.07636558138886376
-0.2856758438255646,-0.39647978029359326,0.48867873283692664
-0.3312513572556906,-0.3527862659717008,0.48392727877439684
-0.08883773030662963,0.07417243437284715,0.11573112090888854
0.34953902665543446,-0.12159618327323354,0.37008534548377664
0.1954847270152497,-0.32869877427508276,0.38243582821980543
-0.09723271078851026,-0.42621340034392785,0.4371636566321764
-0.028192154663954982,-0.24400751473061844,0.24563074894973824
-0.14102726578204547,-0.2501756290602166,0.287187282221262
-0.20127717328032144,-0.11800620080784731,0.23331944606658597
-0.1067767633243713,-0.3097350882930608,0.3276234150758138
-0.0815733370594501,-0.11998423869485396,0.14508765231472437
-0.13589056427875879,-0.05731853871051588,0.14748444100958033
0.17323475977634362,-0.3020148822748258,0.34817132436523884
-0.0008289163598167832,-0.21375053662551302,0.21375214387235125
-0.38937802995635995,-0.32346316422179205,0.506205164751477
-0.29095820402179196,-0.14374974681086444,0.32453145640411246
0.1617938928546569,-0.20702025090423504,0.262744453889167
-0.23258319689188414,-0.215012745884223,0.31674188919232393
0.21019712593785453,-0.0076496819792452675,0.21033627691607995
0.06538192018902701,-0.3562317830374948,0.3621821071418038
0.04567433191756544,-0.1448145523795489,0.1518466304433689
-0.16934716563802052,-0.3265272483054711,0.3678294528658274
0.05298033519960957,-0.24071134849132106,0.24647285694447818
-0.25720716805246,-0.3331579118597394,0.4208915793079119
0.3452954770707325,-0.1218593213362916,0.3661675308954172
-0.18594660966620194,-0.29467698337632353,0.3484403337418401
-0.37886239541641364,-0.2846436334844956,0.4738762631150867
-0.1417516703828562,-0.2894224831247102,0.32227148461259036
-0.22515612537231675,-0.1714383565687905,0.28299539023751286
-0.020280413738397497,-0.06046637594327784,0.06377678105011565
-0.07509198925739159,-0.13896163233150224,0.15795297436537187
0.041815946718093536,-0.17190565530828686,0.17691842110674053
-0.06888912654708074,0.09594539537345276,0.11811532775126128
-0.14708278731589103,-0.34944188568680945,0.37913451148235616
-0.3807868088825942,0.01574704810999732,0.3811122713101323
-0.3083334961770995,0.12026407339571475,0.33095768946275184
0.3745443899616503,-0.19701125785028142,0.42319845908449955
-0.46705041306146744,-0.3134351829481632,0.5624746236503794
0.13986383455684803,-0.045859332479029485,0.14719025304811298
-0.06219378571132848,-0.07132542172452556,0.09463288416448096
0.09617559344764837,-0.37828977772416345,0.39032409700863246
-0.20801816276494545,-0.45128196812836247,0.4969174687993084
-0.14996055115348123,-0.27707257209284386,0.31505138804391897
-0.12024315115147984,-0.3637101598542687,0.38307113670969173
0.08055944053329435,-0.06396951832608379,0.10286847298326421
-0.2998192538361379,-0.21470790179805063,0.36876966803870925
-0.39707022606987336,-0.058624998219954434,0.40137470628761596
0.00925660681206364,-0.1333306338978348,0.13365157202693728
-0.2557652577214545,-0.4624251256528406,0.5284438133731603
0.14472153362455428,-0.13706457675076913,0.19932641695096634
-0.04050196734142377,-0.12062348436010704,0.1272416375943769
-0.49457721641196367,-0.3085277941897416,0.5829202542212732
0.01432769263137192,-0.25344948074244733,0.2538541354099934
-0.009046718665455871,-0.1677044204253855,0.16794825318777912
-0.05992396515270752,-0.06848173499346201,0.09099796496261696
-0.28842164722511837,-0.4157739232562565,0.5060187761812304
-0.17329977066103763,-0.2618771794566254,0.3140262212480446
-0.018587893176983495,-0.22989757465378702,0.23064779340902553
-0.2544810436605756,-0.33278614763360415,0.41893582043004
-0.12928194453787703,-0.22348072099358052,0.2581810485672899
-0.21428833163190045,-0.19601160622953567,0.29041356519671374
-0.02945026926593217,-0.12631461211596254,0.12970234999352162
-0.09940583594589665,-0.18766867485046657,0.21237008202718352
-0.2641289163939685,-0.42124074916247184,0.4972000133049199
-0.25329370720554817,-0.045918298620999574,0.25742220622583684
-0.028300311967102608,-0.07295914503818109,0.07825563559346813
-0.0719140905054341,-0.13209546520953785,0.15040228835409383
0.029253730590080542,-0.31341970792259227,0.31478197862603263
-0.1322376421400631,-0.3189848068208126,0.34530870388867196
-0.27854222821538144,-0.3506170827008928,0.4477924871867262
-0.30413565062388126,-0.2452555072069313,0.39070290221054244
-0.12861358910574486,-0.39481154484791375,0.4152319968979481
-0.07383292829284625,-0.2698844468630933,0.279801565326026
-0.07100882807398341,-0.1681048380366363,0.18248695908410625
-0.12167091263274737,-0.2899993187890535,0.31448913475508294
